<?xml version="1.0" encoding="UTF-8"?>
<project-private xmlns="http://www.netbeans.org/ns/project-private/1">
    <editor-bookmarks xmlns="http://www.netbeans.org/ns/editor-bookmarks/2" lastBookmarkId="0"/>
    <open-files xmlns="http://www.netbeans.org/ns/projectui-open-files/2">
        <group>
            <file>file:/C:/Users/HP/Documents/Zalo%20Received%20Files/PetStore%20(3)/PetStore/src/java/db/Product.java</file>
            <file>file:/C:/Users/HP/Documents/Zalo%20Received%20Files/PetStore%20(3)/PetStore/src/java/utils/Hasher.java</file>
            <file>file:/C:/Users/HP/Documents/Zalo%20Received%20Files/PetStore%20(3)/PetStore/web/WEB-INF/product/index.jsp</file>
            <file>file:/C:/Users/HP/Documents/Zalo%20Received%20Files/PetStore%20(3)/PetStore/web/WEB-INF/cart/index.jsp</file>
            <file>file:/C:/Users/HP/Documents/Zalo%20Received%20Files/PetStore%20(3)/PetStore/web/WEB-INF/layouts/main.jsp</file>
            <file>file:/C:/Users/HP/Documents/Zalo%20Received%20Files/PetStore%20(3)/PetStore/src/java/db/DBContext.java</file>
            <file>file:/C:/Users/HP/Documents/Zalo%20Received%20Files/PetStore%20(3)/PetStore/src/java/db/Account.java</file>
            <file>file:/C:/Users/HP/Documents/Zalo%20Received%20Files/PetStore%20(3)/PetStore/src/java/db/ProductFacade.java</file>
        </group>
    </open-files>
</project-private>
