<?xml version="1.0" encoding="UTF-8"?>
<project-private xmlns="http://www.netbeans.org/ns/project-private/1">
    <editor-bookmarks xmlns="http://www.netbeans.org/ns/editor-bookmarks/2" lastBookmarkId="0"/>
    <open-files xmlns="http://www.netbeans.org/ns/projectui-open-files/2">
        <group>
            <file>file:/D:/FPT/PRJ301/ShoeStore/ShoeStore/src/java/controllers/AccountController.java</file>
            <file>file:/D:/FPT/PRJ301/ShoeStore/ShoeStore/web/WEB-INF/product/index.jsp</file>
            <file>file:/D:/FPT/PRJ301/ShoeStore/ShoeStore/web/WEB-INF/cart/index.jsp</file>
            <file>file:/D:/FPT/PRJ301/ShoeStore/ShoeStore/src/java/db/Account.java</file>
            <file>file:/D:/FPT/PRJ301/ShoeStore/ShoeStore/src/java/controllers/CartController.java</file>
            <file>file:/D:/FPT/PRJ301/ShoeStore/ShoeStore/web/WEB-INF/layouts/main.jsp</file>
            <file>file:/D:/FPT/PRJ301/ShoeStore/ShoeStore/src/java/controllers/ProductController.java</file>
            <file>file:/D:/FPT/PRJ301/ShoeStore/ShoeStore/src/java/db/AccountFacade.java</file>
            <file>file:/D:/FPT/PRJ301/ShoeStore/ShoeStore/src/java/db/DBContext.java</file>
            <file>file:/D:/FPT/PRJ301/ShoeStore/ShoeStore/src/java/controllers/FrontController.java</file>
            <file>file:/D:/FPT/PRJ301/ShoeStore/ShoeStore/src/java/controllers/Config.java</file>
        </group>
    </open-files>
</project-private>
