<?xml version="1.0" encoding="UTF-8"?>
<project-private xmlns="http://www.netbeans.org/ns/project-private/1">
    <editor-bookmarks xmlns="http://www.netbeans.org/ns/editor-bookmarks/2" lastBookmarkId="0"/>
    <open-files xmlns="http://www.netbeans.org/ns/projectui-open-files/2">
        <group>
            <file>file:/D:/FPT/New%20java%208/ShoeStore/web/WEB-INF/web.xml</file>
            <file>file:/D:/FPT/New%20java%208/ShoeStore/web/login.jsp</file>
            <file>file:/D:/FPT/New%20java%208/ShoeStore/src/java/controller/AccountController.java</file>
            <file>file:/D:/FPT/New%20java%208/ShoeStore/web/home.jsp</file>
            <file>file:/D:/FPT/New%20java%208/ShoeStore/src/java/db/AccountFacade.java</file>
            <file>file:/D:/FPT/New%20java%208/ShoeStore/src/java/utils/DBUtils.java</file>
        </group>
    </open-files>
</project-private>
